title,recommendation,age
The Shawshank Redemption,Must Watch,Age 29
The God Father,Need to Watch,Age 51
The Dark Knight,Need to Watch,Age 15
The God Father Part II,Need to Watch,Age 49
12 Angry Men,Need to Watch,Age 66
Schindler's List,Need to Watch,Age 30
The Lord of the Rings: The Return of the King,Need to Watch,Age 20
Pulp Fiction,Need to Watch,Age 29
The Good the Bad and the Ugly,Might Watch,Age 57
Memento,Might Watch,Age 23
Dances With Wolves,Is there nothing else on?,Age 33
Battlefield Earth,Pass,Age 23
